CBSAFP,GEOID,NAME,NAMELSAD,LSAD,_avg_irradiancemean
"12020","12020","Athens-Clarke County, GA","Athens-Clarke County, GA Metro Area",M1,4.74514275652173
"12060","12060","Atlanta-Sandy Springs-Alpharetta, GA","Atlanta-Sandy Springs-Alpharetta, GA Metro Area",M1,4.71936338473118
"12100","12100","Atlantic City-Hammonton, NJ","Atlantic City-Hammonton, NJ Metro Area",M1,4.25764292142857
"12120","12120","Atmore, AL","Atmore, AL Micro Area",M2,4.88688000666666
"12140","12140","Auburn, IN","Auburn, IN Micro Area",M2,4.04931135081967
"12180","12180","Auburn, NY","Auburn, NY Micro Area",M2,3.81992151503267
"12220","12220","Auburn-Opelika, AL","Auburn-Opelika, AL Metro Area",M1,4.82575000000001
"12260","12260","Augusta-Richmond County, GA-SC","Augusta-Richmond County, GA-SC Metro Area",M1,4.79820319661319
"12300","12300","Augusta-Waterville, ME","Augusta-Waterville, ME Micro Area",M2,3.87566095932203
"12380","12380","Austin, MN","Austin, MN Micro Area",M2,3.990200135
"12420","12420","Austin-Round Rock-Georgetown, TX","Austin-Round Rock-Georgetown, TX Metro Area",M1,5.00433438080498
"12460","12460","Bainbridge, GA","Bainbridge, GA Micro Area",M2,4.99856843368422
"12540","12540","Bakersfield, CA","Bakersfield, CA Metro Area",M1,5.68818549474498
"12580","12580","Baltimore-Columbia-Towson, MD","Baltimore-Columbia-Towson, MD Metro Area",M1,4.2503954522073
"12620","12620","Bangor, ME","Bangor, ME Metro Area",M1,3.74217043348283
"12660","12660","Baraboo, WI","Baraboo, WI Micro Area",M2,4.00250986535948
"12680","12680","Bardstown, KY","Bardstown, KY Micro Area",M2,4.31729581267605
"12700","12700","Barnstable Town, MA","Barnstable Town, MA Metro Area",M1,4.05927746960353
"12740","12740","Barre, VT","Barre, VT Micro Area",M2,3.73352385079365
"12780","12780","Bartlesville, OK","Bartlesville, OK Micro Area",M2,4.65428550428571
"12860","12860","Batavia, NY","Batavia, NY Micro Area",M2,3.83646310526315
"12900","12900","Batesville, AR","Batesville, AR Micro Area",M2,4.58043673755456
"12940","12940","Baton Rouge, LA","Baton Rouge, LA Metro Area",M1,4.88901882662809
"12980","12980","Battle Creek, MI","Battle Creek, MI Metro Area",M1,3.97390485396826
"13020","13020","Bay City, MI","Bay City, MI Metro Area",M1,3.93829566086956
"13060","13060","Bay City, TX","Bay City, TX Micro Area",M2,5.00183608934425
"13100","13100","Beatrice, NE","Beatrice, NE Micro Area",M2,4.44855934405595
"13140","13140","Beaumont-Port Arthur, TX","Beaumont-Port Arthur, TX Metro Area",M1,4.84310615139664
"13180","13180","Beaver Dam, WI","Beaver Dam, WI Micro Area",M2,3.99461826909091
"13220","13220","Beckley, WV","Beckley, WV Metro Area",M1,4.170028171831
"13260","13260","Bedford, IN","Bedford, IN Micro Area",M2,4.25225322151898
"13300","13300","Beeville, TX","Beeville, TX Micro Area",M2,5.052375
"13340","13340","Bellefontaine, OH","Bellefontaine, OH Micro Area",M2,4.08599997
"13380","13380","Bellingham, WA","Bellingham, WA Metro Area",M1,3.30009756808942
"13420","13420","Bemidji, MN","Bemidji, MN Micro Area",M2,3.708976330339
"13460","13460","Bend, OR","Bend, OR Metro Area",M1,4.51906944878047
"13500","13500","Bennettsville, SC","Bennettsville, SC Micro Area",M2,4.71813690410959
"13540","13540","Bennington, VT","Bennington, VT Micro Area",M2,3.82016525619834
"13620","13620","Berlin, NH","Berlin, NH Micro Area",M2,3.66678573988096
"13660","13660","Big Rapids, MI","Big Rapids, MI Micro Area",M2,3.90155554259259
"13700","13700","Big Spring, TX","Big Spring, TX Micro Area",M2,5.52278265869564
"13720","13720","Big Stone Gap, VA","Big Stone Gap, VA Micro Area",M2,4.28486964782608
"13740","13740","Billings, MT","Billings, MT Metro Area",M1,4.09682512159548
"13780","13780","Binghamton, NY","Binghamton, NY Metro Area",M1,3.83334540727273
"13820","13820","Birmingham-Hoover, AL","Birmingham-Hoover, AL Metro Area",M1,4.71385467779329
"13900","13900","Bismarck, ND","Bismarck, ND Metro Area",M1,3.96362657051598
"13940","13940","Blackfoot, ID","Blackfoot, ID Micro Area",M2,4.46703301236263
"13980","13980","Blacksburg-Christiansburg, VA","Blacksburg-Christiansburg, VA Metro Area",M1,4.33949172265195
"14010","14010","Bloomington, IL","Bloomington, IL Metro Area",M1,4.22029906682245
"14020","14020","Bloomington, IN","Bloomington, IN Metro Area",M1,4.22571429
"14100","14100","Bloomsburg-Berwick, PA","Bloomsburg-Berwick, PA Metro Area",M1,3.96520759811321
"14140","14140","Bluefield, WV-VA","Bluefield, WV-VA Micro Area",M2,4.27764068294931
"14180","14180","Blytheville, AR","Blytheville, AR Micro Area",M2,4.61059469797297
"14220","14220","Bogalusa, LA","Bogalusa, LA Micro Area",M2,4.85951020408164
"14260","14260","Boise City, ID","Boise City, ID Metro Area",M1,4.55808673860139
"14300","14300","Bonham, TX","Bonham, TX Micro Area",M2,4.83205369127516
"14380","14380","Boone, NC","Boone, NC Micro Area",M2,4.3843018245283
"14420","14420","Borger, TX","Borger, TX Micro Area",M2,5.27548043376622
"14460","14460","Boston-Cambridge-Newton, MA-NH","Boston-Cambridge-Newton, MA-NH Metro Area",M1,4.02306698362283
"14500","14500","Boulder, CO","Boulder, CO Metro Area",M1,4.53818186136363
"14540","14540","Bowling Green, KY","Bowling Green, KY Metro Area",M1,4.38013376431228
"14580","14580","Bozeman, MT","Bozeman, MT Micro Area",M2,4.06755918612246
"14620","14620","Bradford, PA","Bradford, PA Micro Area",M2,3.82028569404762
"14660","14660","Brainerd, MN","Brainerd, MN Micro Area",M2,3.82191347694523
"14700","14700","Branson, MO","Branson, MO Micro Area",M2,4.51200006168224
"14720","14720","Breckenridge, CO","Breckenridge, CO Micro Area",M2,4.78159220485437
"14740","14740","Bremerton-Silverdale-Port Orchard, WA","Bremerton-Silverdale-Port Orchard, WA Metro Area",M1,3.35452635614035
"14780","14780","Brenham, TX","Brenham, TX Micro Area",M2,4.94425541702128
"14820","14820","Brevard, NC","Brevard, NC Micro Area",M2,4.5588750703125
"14860","14860","Bridgeport-Stamford-Norwalk, CT","Bridgeport-Stamford-Norwalk, CT Metro Area",M1,4.08986299726027
"15020","15020","Brookhaven, MS","Brookhaven, MS Micro Area",M2,4.83716129032259
"15060","15060","Brookings, OR","Brookings, OR Micro Area",M2,4.15850849350283
"15100","15100","Brookings, SD","Brookings, SD Micro Area",M2,4.09301959738562
"15140","15140","Brownsville, TN","Brownsville, TN Micro Area",M2,4.59654555
"15180","15180","Brownsville-Harlingen, TX","Brownsville-Harlingen, TX Metro Area",M1,5.26097409948185
"15220","15220","Brownwood, TX","Brownwood, TX Micro Area",M2,5.20300005833333
"15260","15260","Brunswick, GA","Brunswick, GA Metro Area",M1,4.92262351578946
"15340","15340","Bucyrus-Galion, OH","Bucyrus-Galion, OH Micro Area",M2,4.01417144285714
"15380","15380","Buffalo-Cheektowaga, NY","Buffalo-Cheektowaga, NY Metro Area",M1,3.85968928106797
"15420","15420","Burley, ID","Burley, ID Micro Area",M2,4.56479199412751
"17140","17140","Cincinnati, OH-KY-IN","Cincinnati, OH-KY-IN Metro Area",M1,4.18948244473341
"17220","17220","Clarksburg, WV","Clarksburg, WV Micro Area",M2,4.04264892450331
"17260","17260","Clarksdale, MS","Clarksdale, MS Micro Area",M2,4.74864510645162
"17300","17300","Clarksville, TN-KY","Clarksville, TN-KY Metro Area",M1,4.43844312972974
"17340","17340","Clearlake, CA","Clearlake, CA Micro Area",M2,5.14545455584415
"17380","17380","Cleveland, MS","Cleveland, MS Micro Area",M2,4.79983561643835
"17420","17420","Cleveland, TN","Cleveland, TN Metro Area",M1,4.52507319512195
"17460","17460","Cleveland-Elyria, OH","Cleveland-Elyria, OH Metro Area",M1,3.94749011161475
"17500","17500","Clewiston, FL","Clewiston, FL Micro Area",M2,5.21231147245508
"17540","17540","Clinton, IA","Clinton, IA Micro Area",M2,4.12557983025209
"17580","17580","Clovis, NM","Clovis, NM Micro Area",M2,5.59297301576576
"17620","17620","Coamo, PR","Coamo, PR Micro Area",M2,5.21236363636364
"17640","17640","Coco, PR","Coco, PR Micro Area",M2,5.58599999375
"17660","17660","Coeur d'Alene, ID","Coeur d'Alene, ID Metro Area",M1,3.69840930888031
"17700","17700","Coffeyville, KS","Coffeyville, KS Micro Area",M2,4.61127282545455
"17740","17740","Coldwater, MI","Coldwater, MI Micro Area",M2,4.004181875
"17780","17780","College Station-Bryan, TX","College Station-Bryan, TX Metro Area",M1,4.93066673086418
"17820","17820","Colorado Springs, CO","Colorado Springs, CO Metro Area",M1,5.06975787892377
"17860","17860","Columbia, MO","Columbia, MO Metro Area",M1,4.35791675729167
"17900","17900","Columbia, SC","Columbia, SC Metro Area",M1,4.73762368514851
"17980","17980","Columbus, GA-AL","Columbus, GA-AL Metro Area",M1,4.84244036743119
"18020","18020","Columbus, IN","Columbus, IN Metro Area",M1,4.23143662394366
"18060","18060","Columbus, MS","Columbus, MS Micro Area",M2,4.74813784137932
"18100","18100","Columbus, NE","Columbus, NE Micro Area",M2,4.35710781461539
"18140","18140","Columbus, OH","Columbus, OH Metro Area",M1,4.09391938583636
"18180","18180","Concord, NH","Concord, NH Micro Area",M2,3.94322893855422
"18220","18220","Connersville, IN","Connersville, IN Micro Area",M2,4.18673684210526
"18260","18260","Cookeville, TN","Cookeville, TN Micro Area",M2,4.39948371612905
"18300","18300","Coos Bay, OR","Coos Bay, OR Micro Area",M2,3.90559505368098
"18380","18380","Cordele, GA","Cordele, GA Micro Area",M2,4.96956526086956
"18420","18420","Corinth, MS","Corinth, MS Micro Area",M2,4.61418195
"18460","18460","Cornelia, GA","Cornelia, GA Micro Area",M2,4.677599922
"18500","18500","Corning, NY","Corning, NY Micro Area",M2,3.86653118203126
"18580","18580","Corpus Christi, TX","Corpus Christi, TX Metro Area",M1,5.14359714748202
"18620","18620","Corsicana, TX","Corsicana, TX Micro Area",M2,4.9292530879518
"18660","18660","Cortland, NY","Cortland, NY Micro Area",M2,3.7785494021978
"18700","18700","Corvallis, OR","Corvallis, OR Metro Area",M1,3.7804799696
"18740","18740","Coshocton, OH","Coshocton, OH Micro Area",M2,4.03009897029703
"18780","18780","Craig, CO","Craig, CO Micro Area",M2,4.76148483005051
"18820","18820","Crawfordsville, IN","Crawfordsville, IN Micro Area",M2,4.18826666666666
"18860","18860","Crescent City, CA","Crescent City, CA Micro Area",M2,4.26551659336493
"22220","22220","Fayetteville-Springdale-Rogers, AR","Fayetteville-Springdale-Rogers, AR Metro Area",M1,4.58693886530611
"22260","22260","Fergus Falls, MN","Fergus Falls, MN Micro Area",M2,3.86736224589371
"22280","22280","Fernley, NV","Fernley, NV Micro Area",M2,5.3185813616279
"22300","22300","Findlay, OH","Findlay, OH Micro Area",M2,4.04761433012048
"22340","22340","Fitzgerald, GA","Fitzgerald, GA Micro Area",M2,4.95178381081081
"22380","22380","Flagstaff, AZ","Flagstaff, AZ Metro Area",M1,5.51228810228801
"22420","22420","Flint, MI","Flint, MI Metro Area",M1,3.92228571428571
"22500","22500","Florence, SC","Florence, SC Metro Area",M1,4.75911106111109
"22520","22520","Florence-Muscle Shoals, AL","Florence-Muscle Shoals, AL Metro Area",M1,4.60882364264704
"22540","22540","Fond du Lac, WI","Fond du Lac, WI Metro Area",M1,3.97316680694445
"22580","22580","Forest City, NC","Forest City, NC Micro Area",M2,4.63199992580645
"22620","22620","Forrest City, AR","Forrest City, AR Micro Area",M2,4.67347561456311
"22660","22660","Fort Collins, CO","Fort Collins, CO Metro Area",M1,4.5362739760274
"22700","22700","Fort Dodge, IA","Fort Dodge, IA Micro Area",M2,4.1248854961832
"22780","22780","Fort Leonard Wood, MO","Fort Leonard Wood, MO Micro Area",M2,4.43759998
"22800","22800","Fort Madison-Keokuk, IA-IL-MO","Fort Madison-Keokuk, IA-IL-MO Micro Area",M2,4.22977780462964
"22820","22820","Fort Morgan, CO","Fort Morgan, CO Micro Area",M2,4.90979189683257
"22840","22840","Fort Payne, AL","Fort Payne, AL Micro Area",M2,4.61437502109375
"22860","22860","Fort Polk South, LA","Fort Polk South, LA Micro Area",M2,4.80756650246304
"22900","22900","Fort Smith, AR-OK","Fort Smith, AR-OK Metro Area",M1,4.59928942233502
"23060","23060","Fort Wayne, IN","Fort Wayne, IN Metro Area",M1,4.06740321988951
"23140","23140","Frankfort, IN","Frankfort, IN Micro Area",M2,4.15949999999999
"23180","23180","Frankfort, KY","Frankfort, KY Micro Area",M2,4.27447072058823
"23240","23240","Fredericksburg, TX","Fredericksburg, TX Micro Area",M2,5.16281483209876
"23300","23300","Freeport, IL","Freeport, IL Micro Area",M2,4.07746149230769
"23340","23340","Fremont, NE","Fremont, NE Micro Area",M2,4.29552947058823
"23380","23380","Fremont, OH","Fremont, OH Micro Area",M2,4.00800003768116
"23420","23420","Fresno, CA","Fresno, CA Metro Area",M1,5.4483450034908
"23460","23460","Gadsden, AL","Gadsden, AL Metro Area",M1,4.64819264457831
"23500","23500","Gaffney, SC","Gaffney, SC Micro Area",M2,4.69341175588236
"23540","23540","Gainesville, FL","Gainesville, FL Metro Area",M1,5.07207225191874
"23580","23580","Gainesville, GA","Gainesville, GA Metro Area",M1,4.72208685217392
"23620","23620","Gainesville, TX","Gainesville, TX Micro Area",M2,4.93540305373134
"23660","23660","Galesburg, IL","Galesburg, IL Micro Area",M2,4.18988429752065
"23700","23700","Gallup, NM","Gallup, NM Micro Area",M2,5.49013337157898
"23780","23780","Garden City, KS","Garden City, KS Micro Area",M2,5.0490578523416
"23820","23820","Gardnerville Ranchos, NV","Gardnerville Ranchos, NV Micro Area",M2,5.37091525423728
"23860","23860","Georgetown, SC","Georgetown, SC Micro Area",M2,4.76180480670731
"23900","23900","Gettysburg, PA","Gettysburg, PA Metro Area",M1,4.15736170212765
"23940","23940","Gillette, WY","Gillette, WY Micro Area",M2,4.40011455545158
"23980","23980","Glasgow, KY","Glasgow, KY Micro Area",M2,4.3758749109375
"18880","18880","Crestview-Fort Walton Beach-Destin, FL","Crestview-Fort Walton Beach-Destin, FL Metro Area",M1,4.95443736216216
"18900","18900","Crossville, TN","Crossville, TN Micro Area",M2,4.41321419732143
"18980","18980","Cullman, AL","Cullman, AL Micro Area",M2,4.65853639512195
"19000","19000","Cullowhee, NC","Cullowhee, NC Micro Area",M2,4.49211835562129
"19060","19060","Cumberland, MD-WV","Cumberland, MD-WV Metro Area",M1,4.07866662698412
"19100","19100","Dallas-Fort Worth-Arlington, TX","Dallas-Fort Worth-Arlington, TX Metro Area",M1,4.95084980622316
"19140","19140","Dalton, GA","Dalton, GA Metro Area",M1,4.56415388653846
"19180","19180","Danville, IL","Danville, IL Metro Area",M1,4.1932987012987
"19220","19220","Danville, KY","Danville, KY Micro Area",M2,4.30857145714285
"19260","19260","Danville, VA","Danville, VA Micro Area",M2,4.50697008323352
"19300","19300","Daphne-Fairhope-Foley, AL","Daphne-Fairhope-Foley, AL Metro Area",M1,4.93354840258064
"19340","19340","Davenport-Moline-Rock Island, IA-IL","Davenport-Moline-Rock Island, IA-IL Metro Area",M1,4.1561075794621
"19420","19420","Dayton, TN","Dayton, TN Micro Area",M2,4.46273671052631
"19430","19430","Dayton-Kettering, OH","Dayton-Kettering, OH Metro Area",M1,4.14783561643837
"19460","19460","Decatur, AL","Decatur, AL Metro Area",M1,4.62561581527092
"19500","19500","Decatur, IL","Decatur, IL Metro Area",M1,4.254250084375
"19540","19540","Decatur, IN","Decatur, IN Micro Area",M2,4.0950508440678
"19580","19580","Defiance, OH","Defiance, OH Micro Area",M2,4.05321728695652
"19620","19620","Del Rio, TX","Del Rio, TX Micro Area",M2,5.36530001041667
"19660","19660","Deltona-Daytona Beach-Ormond Beach, FL","Deltona-Daytona Beach-Ormond Beach, FL Metro Area",M1,5.03800665049834
"19700","19700","Deming, NM","Deming, NM Micro Area",M2,5.95940479124729
"19740","19740","Denver-Aurora-Lakewood, CO","Denver-Aurora-Lakewood, CO Metro Area",M1,4.93637747161973
"19760","19760","DeRidder, LA","DeRidder, LA Micro Area",M2,4.80939130434781
"19780","19780","Des Moines-West Des Moines, IA","Des Moines-West Des Moines, IA Metro Area",M1,4.17970076335876
"19820","19820","Detroit-Warren-Dearborn, MI","Detroit-Warren-Dearborn, MI Metro Area",M1,3.95168002773333
"19860","19860","Dickinson, ND","Dickinson, ND Micro Area",M2,4.03751143340293
"19940","19940","Dixon, IL","Dixon, IL Micro Area",M2,4.10342857142857
"19980","19980","Dodge City, KS","Dodge City, KS Micro Area",M2,4.99186518876403
"20020","20020","Dothan, AL","Dothan, AL Metro Area",M1,4.97089814792452
"20060","20060","Douglas, GA","Douglas, GA Micro Area",M2,4.96645718571428
"20100","20100","Dover, DE","Dover, DE Metro Area",M1,4.30052183260869
"20140","20140","Dublin, GA","Dublin, GA Micro Area",M2,4.87817476019416
"20180","20180","DuBois, PA","DuBois, PA Micro Area",M2,3.90285145841585
"20220","20220","Dubuque, IA","Dubuque, IA Metro Area",M1,4.0715151030303
"20260","20260","Duluth, MN-WI","Duluth, MN-WI Metro Area",M1,3.75071178531045
"20300","20300","Dumas, TX","Dumas, TX Micro Area",M2,5.33420973846153
"20340","20340","Duncan, OK","Duncan, OK Micro Area",M2,4.97050005833333
"20420","20420","Durango, CO","Durango, CO Micro Area",M2,5.1774699515901
"20460","20460","Durant, OK","Durant, OK Micro Area",M2,4.8189387755102
"20500","20500","Durham-Chapel Hill, NC","Durham-Chapel Hill, NC Metro Area",M1,4.57294249869108
"20540","20540","Dyersburg, TN","Dyersburg, TN Micro Area",M2,4.56762363529412
"20580","20580","Eagle Pass, TX","Eagle Pass, TX Micro Area",M2,5.26728652378377
"20660","20660","Easton, MD","Easton, MD Micro Area",M2,4.34246162307692
"20700","20700","East Stroudsburg, PA","East Stroudsburg, PA Metro Area",M1,4.01600001142857
"20740","20740","Eau Claire, WI","Eau Claire, WI Metro Area",M1,3.90532499000001
"20780","20780","Edwards, CO","Edwards, CO Micro Area",M2,4.81608246116837
"20820","20820","Effingham, IL","Effingham, IL Micro Area",M2,4.29684711882353
"20900","20900","El Campo, TX","El Campo, TX Micro Area",M2,4.94981825454545
"20940","20940","El Centro, CA","El Centro, CA Metro Area",M1,5.93842731467236
"20980","20980","El Dorado, AR","El Dorado, AR Micro Area",M2,4.74052159565217
"21020","21020","Elizabeth City, NC","Elizabeth City, NC Micro Area",M2,4.53005947128713
"21060","21060","Elizabethtown-Fort Knox, KY","Elizabethtown-Fort Knox, KY Metro Area",M1,4.34198033465347
"21120","21120","Elk City, OK","Elk City, OK Micro Area",M2,5.14572972972973
"21140","21140","Elkhart-Goshen, IN","Elkhart-Goshen, IN Metro Area",M1,4.03002348941177
"21180","21180","Elkins, WV","Elkins, WV Micro Area",M2,4.04338282971429
"21220","21220","Elko, NV","Elko, NV Micro Area",M2,4.81650769003507
"21260","21260","Ellensburg, WA","Ellensburg, WA Micro Area",M2,4.08166073794643
"21300","21300","Elmira, NY","Elmira, NY Metro Area",M1,3.856319928
"21340","21340","El Paso, TX","El Paso, TX Metro Area",M1,5.93113908109396
"21380","21380","Emporia, KS","Emporia, KS Micro Area",M2,4.58740305895521
"21420","21420","Enid, OK","Enid, OK Metro Area",M1,4.86504545454544
"21460","21460","Enterprise, AL","Enterprise, AL Micro Area",M2,4.92977779814815
"21500","21500","Erie, PA","Erie, PA Metro Area",M1,3.86148731046932
"21540","21540","Escanaba, MI","Escanaba, MI Micro Area",M2,3.8245202802168
"21580","21580","Española, NM","Española, NM Micro Area",M2,5.28397485964365
"21640","21640","Eufaula, AL-GA","Eufaula, AL-GA Micro Area",M2,4.89296385903613
"21660","21660","Eugene-Springfield, OR","Eugene-Springfield, OR Metro Area",M1,3.94265567955346
"21700","21700","Eureka-Arcata, CA","Eureka-Arcata, CA Micro Area",M2,4.42491428628572
"21740","21740","Evanston, WY","Evanston, WY Micro Area",M2,4.709247952
"21780","21780","Evansville, IN-KY","Evansville, IN-KY Metro Area",M1,4.3677131115538
"21820","21820","Fairbanks, AK","Fairbanks, AK Metro Area",M1,
"21840","21840","Fairfield, IA","Fairfield, IA Micro Area",M2,4.17963636363636
"21860","21860","Fairmont, MN","Fairmont, MN Micro Area",M2,4.03979992833333
"21900","21900","Fairmont, WV","Fairmont, WV Micro Area",M2,4.031999975
"21980","21980","Fallon, NV","Fallon, NV Micro Area",M2,5.23574284607146
"22020","22020","Fargo, ND-MN","Fargo, ND-MN Metro Area",M1,3.82099622602231
"22060","22060","Faribault-Northfield, MN","Faribault-Northfield, MN Micro Area",M2,3.95625000416666
"22100","22100","Farmington, MO","Farmington, MO Micro Area",M2,4.42441557272727
"22140","22140","Farmington, NM","Farmington, NM Metro Area",M1,5.48865256770953
"22180","22180","Fayetteville, NC","Fayetteville, NC Metro Area",M1,4.65029879655172
"15460","15460","Burlington, IA-IL","Burlington, IA-IL Micro Area",M2,4.19060869565217
"15500","15500","Burlington, NC","Burlington, NC Metro Area",M1,4.58643485217392
"15540","15540","Burlington-South Burlington, VT","Burlington-South Burlington, VT Metro Area",M1,3.68332872167833
"15580","15580","Butte-Silver Bow, MT","Butte-Silver Bow, MT Micro Area",M2,4.14443078076923
"15620","15620","Cadillac, MI","Cadillac, MI Micro Area",M2,3.8394594
"15660","15660","Calhoun, GA","Calhoun, GA Micro Area",M2,4.60367231803278
"15680","15680","California-Lexington Park, MD","California-Lexington Park, MD Metro Area",M1,4.35930712440945
"15700","15700","Cambridge, MD","Cambridge, MD Micro Area",M2,4.35548464969326
"15740","15740","Cambridge, OH","Cambridge, OH Micro Area",M2,4.03408691086956
"15780","15780","Camden, AR","Camden, AR Micro Area",M2,4.70645573860465
"15820","15820","Campbellsville, KY","Campbellsville, KY Micro Area",M2,4.33006469032258
"15860","15860","Cañon City, CO","Cañon City, CO Micro Area",M2,5.03876680632411
"15940","15940","Canton-Massillon, OH","Canton-Massillon, OH Metro Area",M1,3.97614554424242
"15980","15980","Cape Coral-Fort Myers, FL","Cape Coral-Fort Myers, FL Metro Area",M1,5.3470909340909
"16020","16020","Cape Girardeau, MO-IL","Cape Girardeau, MO-IL Metro Area",M1,4.45819661803281
"16060","16060","Carbondale-Marion, IL","Carbondale-Marion, IL Metro Area",M1,4.40257254185024
"16100","16100","Carlsbad-Artesia, NM","Carlsbad-Artesia, NM Micro Area",M2,5.77871985538466
"16140","16140","Carroll, IA","Carroll, IA Micro Area",M2,4.19093333333333
"16180","16180","Carson City, NV","Carson City, NV Metro Area",M1,5.34844435925926
"16220","16220","Casper, WY","Casper, WY Metro Area",M1,4.57685628715596
"16260","16260","Cedar City, UT","Cedar City, UT Micro Area",M2,5.28951270563638
"16300","16300","Cedar Rapids, IA","Cedar Rapids, IA Metro Area",M1,4.10100830692522
"16340","16340","Cedartown, GA","Cedartown, GA Micro Area",M2,4.65446788085106
"16380","16380","Celina, OH","Celina, OH Micro Area",M2,4.10074073333333
"16420","16420","Central City, KY","Central City, KY Micro Area",M2,4.37837026296296
"16460","16460","Centralia, IL","Centralia, IL Micro Area",M2,4.33980601456311
"16500","16500","Centralia, WA","Centralia, WA Micro Area",M2,3.41877876570796
"16540","16540","Chambersburg-Waynesboro, PA","Chambersburg-Waynesboro, PA Metro Area",M1,4.10841175441176
"16580","16580","Champaign-Urbana, IL","Champaign-Urbana, IL Metro Area",M1,4.22838097023811
"16620","16620","Charleston, WV","Charleston, WV Metro Area",M1,4.13008928571429
"16660","16660","Charleston-Mattoon, IL","Charleston-Mattoon, IL Micro Area",M2,4.27377199530201
"16700","16700","Charleston-North Charleston, SC","Charleston-North Charleston, SC Metro Area",M1,4.80219066227181
"16740","16740","Charlotte-Concord-Gastonia, NC-SC","Charlotte-Concord-Gastonia, NC-SC Metro Area",M1,4.67168308910893
"16820","16820","Charlottesville, VA","Charlottesville, VA Metro Area",M1,4.37493135595669
"16860","16860","Chattanooga, TN-GA","Chattanooga, TN-GA Metro Area",M1,4.52164225513196
"16940","16940","Cheyenne, WY","Cheyenne, WY Metro Area",M1,4.647186656639
"16980","16980","Chicago-Naperville-Elgin, IL-IN-WI","Chicago-Naperville-Elgin, IL-IN-WI Metro Area",M1,4.07091313880685
"17020","17020","Chico, CA","Chico, CA Metro Area",M1,4.97957448723403
"17060","17060","Chillicothe, OH","Chillicothe, OH Micro Area",M2,4.14294736842105
"10100","10100","Aberdeen, SD","Aberdeen, SD Micro Area",M2,4.05437431087344
"10140","10140","Aberdeen, WA","Aberdeen, WA Micro Area",M2,3.20200458103045
"10180","10180","Abilene, TX","Abilene, TX Metro Area",M1,5.28158181613638
"10220","10220","Ada, OK","Ada, OK Micro Area",M2,4.79723893539823
"10300","10300","Adrian, MI","Adrian, MI Micro Area",M2,4.02879997037037
"10380","10380","Aguadilla-Isabela, PR","Aguadilla-Isabela, PR Metro Area",M1,5.28918522098766
"10420","10420","Akron, OH","Akron, OH Metro Area",M1,3.9339000025
"10460","10460","Alamogordo, NM","Alamogordo, NM Micro Area",M2,5.75795937352658
"10500","10500","Albany, GA","Albany, GA Metro Area",M1,4.9616790600823
"10540","10540","Albany-Lebanon, OR","Albany-Lebanon, OR Metro Area",M1,3.8183886265403
"10580","10580","Albany-Schenectady-Troy, NY","Albany-Schenectady-Troy, NY Metro Area",M1,3.91572092131783
"10620","10620","Albemarle, NC","Albemarle, NC Micro Area",M2,4.65988218970588
"10660","10660","Albert Lea, MN","Albert Lea, MN Micro Area",M2,4.00760003999999
"10700","10700","Albertville, AL","Albertville, AL Micro Area",M2,4.62890316451613
"10740","10740","Albuquerque, NM","Albuquerque, NM Metro Area",M1,5.55236617247643
"10760","10760","Alexander City, AL","Alexander City, AL Micro Area",M2,4.78077874911503
"10780","10780","Alexandria, LA","Alexandria, LA Metro Area",M1,4.83467532597403
"10820","10820","Alexandria, MN","Alexandria, MN Micro Area",M2,3.90284891223021
"10860","10860","Alice, TX","Alice, TX Micro Area",M2,5.20432596395063
"10900","10900","Allentown-Bethlehem-Easton, PA-NJ","Allentown-Bethlehem-Easton, PA-NJ Metro Area",M1,4.04774699130436
"10940","10940","Alma, MI","Alma, MI Micro Area",M2,3.94555556481481
"10980","10980","Alpena, MI","Alpena, MI Micro Area",M2,3.87942854081633
"11020","11020","Altoona, PA","Altoona, PA Metro Area",M1,3.94374196129032
"11060","11060","Altus, OK","Altus, OK Micro Area",M2,5.15771428571429
"11100","11100","Amarillo, TX","Amarillo, TX Metro Area",M1,5.37996172368426
"11140","11140","Americus, GA","Americus, GA Micro Area",M2,4.90690911818182
"11180","11180","Ames, IA","Ames, IA Metro Area",M1,4.14032432432433
"11220","11220","Amsterdam, NY","Amsterdam, NY Micro Area",M2,3.87647996266667
"11260","11260","Anchorage, AK","Anchorage, AK Metro Area",M1,
"11380","11380","Andrews, TX","Andrews, TX Micro Area",M2,5.6911735607438
"11420","11420","Angola, IN","Angola, IN Micro Area",M2,4.03322029152543
"11460","11460","Ann Arbor, MI","Ann Arbor, MI Metro Area",M1,3.99628354173228
"11500","11500","Anniston-Oxford, AL","Anniston-Oxford, AL Metro Area",M1,4.67183494329897
"11540","11540","Appleton, WI","Appleton, WI Metro Area",M1,3.95501644480875
"11580","11580","Arcadia, FL","Arcadia, FL Micro Area",M2,5.24650015
"11620","11620","Ardmore, OK","Ardmore, OK Micro Area",M2,4.89545703348415
"11640","11640","Arecibo, PR","Arecibo, PR Metro Area",M1,5.45361703617021
"11660","11660","Arkadelphia, AR","Arkadelphia, AR Micro Area",M2,4.64364699044117
"11700","11700","Asheville, NC","Asheville, NC Metro Area",M1,4.51881483055555
"11740","11740","Ashland, OH","Ashland, OH Micro Area",M2,3.99366673888889
"11780","11780","Ashtabula, OH","Ashtabula, OH Micro Area",M2,3.90697433333334
"11820","11820","Astoria, OR","Astoria, OR Micro Area",M2,3.28859996350001
"11860","11860","Atchison, KS","Atchison, KS Micro Area",M2,4.40464855945946
"11900","11900","Athens, OH","Athens, OH Micro Area",M2,4.11493333333333
"11940","11940","Athens, TN","Athens, TN Micro Area",M2,4.52640015
"11980","11980","Athens, TX","Athens, TX Micro Area",M2,4.88123076853146
"49260","49260","Woodward, OK","Woodward, OK Micro Area",M2,5.05732330927318
"49300","49300","Wooster, OH","Wooster, OH Micro Area",M2,3.98600014166667
"49340","49340","Worcester, MA-CT","Worcester, MA-CT Metro Area",M1,4.03557018622591
"49380","49380","Worthington, MN","Worthington, MN Micro Area",M2,4.08819998166666
"49420","49420","Yakima, WA","Yakima, WA Metro Area",M1,4.24118847016908
"49460","49460","Yankton, SD","Yankton, SD Micro Area",M2,4.1994606741573
"49500","49500","Yauco, PR","Yauco, PR Metro Area",M1,5.4179999575
"49620","49620","York-Hanover, PA","York-Hanover, PA Metro Area",M1,4.16181131949686
"49660","49660","Youngstown-Warren-Boardman, OH-PA","Youngstown-Warren-Boardman, OH-PA Metro Area",M1,3.90689698471761
"49700","49700","Yuba City, CA","Yuba City, CA Metro Area",M1,5.06297143238094
"49740","49740","Yuma, AZ","Yuma, AZ Metro Area",M1,5.95118363356009
"49780","49780","Zanesville, OH","Zanesville, OH Micro Area",M2,4.05887168547008
"49820","49820","Zapata, TX","Zapata, TX Micro Area",M2,5.40301992384105
"24020","24020","Glens Falls, NY","Glens Falls, NY Metro Area",M1,3.86738551598746
"24060","24060","Glenwood Springs, CO","Glenwood Springs, CO Micro Area",M2,4.82631240335767
"24100","24100","Gloversville, NY","Gloversville, NY Micro Area",M2,3.85894731789473
"24140","24140","Goldsboro, NC","Goldsboro, NC Metro Area",M1,4.65081803181818
"24180","24180","Granbury, TX","Granbury, TX Micro Area",M2,5.04556521739131
"24220","24220","Grand Forks, ND-MN","Grand Forks, ND-MN Metro Area",M1,3.74607913799392
"24260","24260","Grand Island, NE","Grand Island, NE Metro Area",M1,4.45870457295376
"24300","24300","Grand Junction, CO","Grand Junction, CO Metro Area",M1,4.98753905167286
"24330","24330","Grand Rapids, MN","Grand Rapids, MN Micro Area",M2,3.75078923135136
"24340","24340","Grand Rapids-Kentwood, MI","Grand Rapids-Kentwood, MI Metro Area",M1,3.94620175504323
"24380","24380","Grants, NM","Grants, NM Micro Area",M2,5.52480007244758
"24420","24420","Grants Pass, OR","Grants Pass, OR Metro Area",M1,4.42487669794522
"24460","24460","Great Bend, KS","Great Bend, KS Micro Area",M2,4.79672727272726
"24500","24500","Great Falls, MT","Great Falls, MT Metro Area",M1,3.91738316485982
"24540","24540","Greeley, CO","Greeley, CO Metro Area",M1,4.83416185419077
"24580","24580","Green Bay, WI","Green Bay, WI Metro Area",M1,3.9347368518797
"24620","24620","Greeneville, TN","Greeneville, TN Micro Area",M2,4.46495044752475
"24660","24660","Greensboro-High Point, NC","Greensboro-High Point, NC Metro Area",M1,4.5813819090909
"24700","24700","Greensburg, IN","Greensburg, IN Micro Area",M2,4.218
"24740","24740","Greenville, MS","Greenville, MS Micro Area",M2,4.83692307692308
"24780","24780","Greenville, NC","Greenville, NC Metro Area",M1,4.5955294882353
"24820","24820","Greenville, OH","Greenville, OH Micro Area",M2,4.14739393939393
"24860","24860","Greenville-Anderson, SC","Greenville-Anderson, SC Metro Area",M1,4.72312409322799
"24900","24900","Greenwood, MS","Greenwood, MS Micro Area",M2,4.78260316507935
"24940","24940","Greenwood, SC","Greenwood, SC Micro Area",M2,4.74287312112676
"24980","24980","Grenada, MS","Grenada, MS Micro Area",M2,4.7236665375
"25020","25020","Guayama, PR","Guayama, PR Metro Area",M1,5.56560000666667
"25060","25060","Gulfport-Biloxi, MS","Gulfport-Biloxi, MS Metro Area",M1,4.9089032344086
"25100","25100","Guymon, OK","Guymon, OK Micro Area",M2,5.22666669938272
"25180","25180","Hagerstown-Martinsburg, MD-WV","Hagerstown-Martinsburg, MD-WV Metro Area",M1,4.16464670658683
"25200","25200","Hailey, ID","Hailey, ID Micro Area",M2,4.58385718258928
"25220","25220","Hammond, LA","Hammond, LA Metro Area",M1,4.88541733228347
"25260","25260","Hanford-Corcoran, CA","Hanford-Corcoran, CA Metro Area",M1,5.47749787004405
"25300","25300","Hannibal, MO","Hannibal, MO Micro Area",M2,4.309500075
"25420","25420","Harrisburg-Carlisle, PA","Harrisburg-Carlisle, PA Metro Area",M1,4.05878868098592
"25460","25460","Harrison, AR","Harrison, AR Micro Area",M2,4.56631584210524
"25500","25500","Harrisonburg, VA","Harrisonburg, VA Metro Area",M1,4.31013704589041
"25540","25540","Hartford-East Hartford-Middletown, CT","Hartford-East Hartford-Middletown, CT Metro Area",M1,4.05481266925796
"25580","25580","Hastings, NE","Hastings, NE Micro Area",M2,4.52945466666667
"25620","25620","Hattiesburg, MS","Hattiesburg, MS Metro Area",M1,4.85623300970873
"25700","25700","Hays, KS","Hays, KS Micro Area",M2,4.79937662337661
"25720","25720","Heber, UT","Heber, UT Micro Area",M2,4.73323303477443
"25740","25740","Helena, MT","Helena, MT Micro Area",M2,4.00562474072164
"25760","25760","Helena-West Helena, AR","Helena-West Helena, AR Micro Area",M2,4.73686475405406
"25780","25780","Henderson, NC","Henderson, NC Micro Area",M2,4.55650006875
"25820","25820","Hereford, TX","Hereford, TX Micro Area",M2,5.48915712520661
"25840","25840","Hermiston-Pendleton, OR","Hermiston-Pendleton, OR Micro Area",M2,4.18167010142566
"25860","25860","Hickory-Lenoir-Morganton, NC","Hickory-Lenoir-Morganton, NC Metro Area",M1,4.56221409963098
"25880","25880","Hillsdale, MI","Hillsdale, MI Micro Area",M2,4.01495328785046
"25900","25900","Hilo, HI","Hilo, HI Micro Area",M2,4.99519547677054
"25940","25940","Hilton Head Island-Bluffton, SC","Hilton Head Island-Bluffton, SC Metro Area",M1,4.86645419601593
"25980","25980","Hinesville, GA","Hinesville, GA Metro Area",M1,4.88514650573248
"26020","26020","Hobbs, NM","Hobbs, NM Micro Area",M2,5.73178755929208
"26090","26090","Holland, MI","Holland, MI Micro Area",M2,3.96316224324325
"26140","26140","Homosassa Springs, FL","Homosassa Springs, FL Metro Area",M1,5.15721744347826
"26220","26220","Hood River, OR","Hood River, OR Micro Area",M2,3.99435294019608
"26260","26260","Hope, AR","Hope, AR Micro Area",M2,4.70066657361111
"26300","26300","Hot Springs, AR","Hot Springs, AR Metro Area",M1,4.58065580163934
"26340","26340","Houghton, MI","Houghton, MI Micro Area",M2,3.76022895212843
"26380","26380","Houma-Thibodaux, LA","Houma-Thibodaux, LA Metro Area",M1,5.01008890296298
"26420","26420","Houston-The Woodlands-Sugar Land, TX","Houston-The Woodlands-Sugar Land, TX Metro Area",M1,4.89003382035212
"26460","26460","Hudson, NY","Hudson, NY Micro Area",M2,3.94406899137931
"26500","26500","Huntingdon, PA","Huntingdon, PA Micro Area",M2,3.97707385369128
"26540","26540","Huntington, IN","Huntington, IN Micro Area",M2,4.08674996875001
"26580","26580","Huntington-Ashland, WV-KY-OH","Huntington-Ashland, WV-KY-OH Metro Area",M1,4.18036879432624
"26620","26620","Huntsville, AL","Huntsville, AL Metro Area",M1,4.59626676799998
"26660","26660","Huntsville, TX","Huntsville, TX Micro Area",M2,4.8390243902439
"26700","26700","Huron, SD","Huron, SD Micro Area",M2,4.16038554156627
"26740","26740","Hutchinson, KS","Hutchinson, KS Micro Area",M2,4.7684571042857
"26780","26780","Hutchinson, MN","Hutchinson, MN Micro Area",M2,3.9524081632653
"26820","26820","Idaho Falls, ID","Idaho Falls, ID Metro Area",M1,4.44156686331606
"26860","26860","Indiana, PA","Indiana, PA Micro Area",M2,3.91149295492957
"26900","26900","Indianapolis-Carmel-Anderson, IN","Indianapolis-Carmel-Anderson, IN Metro Area",M1,4.19239572232622
"26940","26940","Indianola, MS","Indianola, MS Micro Area",M2,4.80736842105264
"26980","26980","Iowa City, IA","Iowa City, IA Metro Area",M1,4.1544864864865
"27020","27020","Iron Mountain, MI-WI","Iron Mountain, MI-WI Micro Area",M2,3.83385360731707
"27060","27060","Ithaca, NY","Ithaca, NY Metro Area",M1,3.79413329333333
"27100","27100","Jackson, MI","Jackson, MI Metro Area",M1,3.98044455851853
"27140","27140","Jackson, MS","Jackson, MS Metro Area",M1,4.8257547162736
"27160","27160","Jackson, OH","Jackson, OH Micro Area",M2,4.15533333333333
"27180","27180","Jackson, TN","Jackson, TN Metro Area",M1,4.55464759316544
"27220","27220","Jackson, WY-ID","Jackson, WY-ID Micro Area",M2,4.22326417676886
"27260","27260","Jacksonville, FL","Jacksonville, FL Metro Area",M1,4.95441019963702
"27300","27300","Jacksonville, IL","Jacksonville, IL Micro Area",M2,4.300027993007
"27340","27340","Jacksonville, NC","Jacksonville, NC Metro Area",M1,4.6289791090909
"27380","27380","Jacksonville, TX","Jacksonville, TX Micro Area",M2,4.83693413173652
"27420","27420","Jamestown, ND","Jamestown, ND Micro Area",M2,3.88127993694117
"27460","27460","Jamestown-Dunkirk-Fredonia, NY","Jamestown-Dunkirk-Fredonia, NY Micro Area",M2,3.83747361353384
"27500","27500","Janesville-Beloit, WI","Janesville-Beloit, WI Metro Area",M1,4.05199986333333
"27530","27530","Jasper, AL","Jasper, AL Micro Area",M2,4.68483866370968
"27540","27540","Jasper, IN","Jasper, IN Micro Area",M2,4.29546278507462
"27580","27580","Jayuya, PR","Jayuya, PR Micro Area",M2,5.008
"27600","27600","Jefferson, GA","Jefferson, GA Micro Area",M2,4.7380362
"27620","27620","Jefferson City, MO","Jefferson City, MO Metro Area",M1,4.37808871096607
"27660","27660","Jennings, LA","Jennings, LA Micro Area",M2,4.89750001666667
"27700","27700","Jesup, GA","Jesup, GA Micro Area",M2,4.90375001666667
"27740","27740","Johnson City, TN","Johnson City, TN Metro Area",M1,4.37913044782609
"27780","27780","Johnstown, PA","Johnstown, PA Metro Area",M1,3.92168066554621
"27860","27860","Jonesboro, AR","Jonesboro, AR Metro Area",M1,4.63727793485477
"27900","27900","Joplin, MO","Joplin, MO Metro Area",M1,4.55108924702968
"27940","27940","Juneau, AK","Juneau, AK Micro Area",M2,2.25394286621118
"27980","27980","Kahului-Wailuku-Lahaina, HI","Kahului-Wailuku-Lahaina, HI Metro Area",M1,5.47080000382353
"28020","28020","Kalamazoo-Portage, MI","Kalamazoo-Portage, MI Metro Area",M1,3.96511117592593
"28060","28060","Kalispell, MT","Kalispell, MT Micro Area",M2,3.55954086196496
"28100","28100","Kankakee, IL","Kankakee, IL Metro Area",M1,4.12991999999999
"28140","28140","Kansas City, MO-KS","Kansas City, MO-KS Metro Area",M1,4.41250830023985
"28180","28180","Kapaa, HI","Kapaa, HI Micro Area",M2,5.28635293941176
"28260","28260","Kearney, NE","Kearney, NE Micro Area",M2,4.55489164819275
"28300","28300","Keene, NH","Keene, NH Micro Area",M2,3.95395558962963
"28340","28340","Kendallville, IN","Kendallville, IN Micro Area",M2,4.04152371746032
"28380","28380","Kennett, MO","Kennett, MO Micro Area",M2,4.60160013666667
"28420","28420","Kennewick-Richland, WA","Kennewick-Richland, WA Metro Area",M1,4.23215020665529
"28500","28500","Kerrville, TX","Kerrville, TX Micro Area",M2,5.13527277090908
"28540","28540","Ketchikan, AK","Ketchikan, AK Micro Area",M2,2.35746238881623
"28580","28580","Key West, FL","Key West, FL Micro Area",M2,5.43315112057554
"28620","28620","Kill Devil Hills, NC","Kill Devil Hills, NC Micro Area",M2,4.54400005301203
"28660","28660","Killeen-Temple, TX","Killeen-Temple, TX Metro Area",M1,5.05603661418765
"28700","28700","Kingsport-Bristol, TN-VA","Kingsport-Bristol, TN-VA Metro Area",M1,4.40647267818183
"28740","28740","Kingston, NY","Kingston, NY Metro Area",M1,3.98376354876848
"28780","28780","Kingsville, TX","Kingsville, TX Micro Area",M2,5.19693542806237
"28820","28820","Kinston, NC","Kinston, NC Micro Area",M2,4.62572311846154
"28860","28860","Kirksville, MO","Kirksville, MO Micro Area",M2,4.25164146206896
"28900","28900","Klamath Falls, OR","Klamath Falls, OR Micro Area",M2,4.71050584505892
"28940","28940","Knoxville, TN","Knoxville, TN Metro Area",M1,4.44271612263452
"29020","29020","Kokomo, IN","Kokomo, IN Metro Area",M1,4.13668085106383
"29060","29060","Laconia, NH","Laconia, NH Micro Area",M2,3.95023259534884
"29100","29100","La Crosse-Onalaska, WI-MN","La Crosse-Onalaska, WI-MN Metro Area",M1,3.97729616201118
"29180","29180","Lafayette, LA","Lafayette, LA Metro Area",M1,4.93822227469136
"29200","29200","Lafayette-West Lafayette, IN","Lafayette-West Lafayette, IN Metro Area",M1,4.15150000000001
"29260","29260","La Grande, OR","La Grande, OR Micro Area",M2,4.13377777089948
"29300","29300","LaGrange, GA-AL","LaGrange, GA-AL Micro Area",M2,4.78464595341614
"29340","29340","Lake Charles, LA","Lake Charles, LA Metro Area",M1,4.90598695904139
"29380","29380","Lake City, FL","Lake City, FL Micro Area",M2,4.96688374883721
"29420","29420","Lake Havasu City-Kingman, AZ","Lake Havasu City-Kingman, AZ Metro Area",M1,5.60722953382488
"29460","29460","Lakeland-Winter Haven, FL","Lakeland-Winter Haven, FL Metro Area",M1,5.18685153564357
"29500","29500","Lamesa, TX","Lamesa, TX Micro Area",M2,5.59653153916083
"29540","29540","Lancaster, PA","Lancaster, PA Metro Area",M1,4.15299999880953
"29620","29620","Lansing-East Lansing, MI","Lansing-East Lansing, MI Metro Area",M1,3.94327272929294
"29660","29660","Laramie, WY","Laramie, WY Micro Area",M2,4.54280322086614
"29700","29700","Laredo, TX","Laredo, TX Metro Area",M1,5.33162443326532
"29740","29740","Las Cruces, NM","Las Cruces, NM Metro Area",M1,5.92739081015229
"29780","29780","Las Vegas, NM","Las Vegas, NM Micro Area",M2,5.45944447648149
"29820","29820","Las Vegas-Henderson-Paradise, NV","Las Vegas-Henderson-Paradise, NV Metro Area",M1,5.63573993427695
"29860","29860","Laurel, MS","Laurel, MS Micro Area",M2,4.8433846153846
"29900","29900","Laurinburg, NC","Laurinburg, NC Micro Area",M2,4.67584606730769
"29940","29940","Lawrence, KS","Lawrence, KS Metro Area",M1,4.44809989875
"29980","29980","Lawrenceburg, TN","Lawrenceburg, TN Micro Area",M2,4.561920102
"30020","30020","Lawton, OK","Lawton, OK Metro Area",M1,5.03658333541666
"30060","30060","Lebanon, MO","Lebanon, MO Micro Area",M2,4.46527263181819
"30100","30100","Lebanon, NH-VT","Lebanon, NH-VT Micro Area",M2,3.82018253831257
"30140","30140","Lebanon, PA","Lebanon, PA Metro Area",M1,4.07466658412699
"30220","30220","Levelland, TX","Levelland, TX Micro Area",M2,5.56816783216782
"30260","30260","Lewisburg, PA","Lewisburg, PA Micro Area",M2,3.97585725
"30280","30280","Lewisburg, TN","Lewisburg, TN Micro Area",M2,4.51664525806452
"30300","30300","Lewiston, ID-WA","Lewiston, ID-WA Metro Area",M1,3.99508966551725
"30340","30340","Lewiston-Auburn, ME","Lewiston-Auburn, ME Metro Area",M1,3.91117239310345
"30380","30380","Lewistown, PA","Lewistown, PA Micro Area",M2,3.96672003733333
"30420","30420","Lexington, NE","Lexington, NE Micro Area",M2,4.61010358565736
"30460","30460","Lexington-Fayette, KY","Lexington-Fayette, KY Metro Area",M1,4.27626460661157
"30580","30580","Liberal, KS","Liberal, KS Micro Area",M2,5.12138181818182
"30620","30620","Lima, OH","Lima, OH Metro Area",M1,4.06168412631579
"30660","30660","Lincoln, IL","Lincoln, IL Micro Area",M2,4.248500046875
"30700","30700","Lincoln, NE","Lincoln, NE Metro Area",M1,4.3980258753247
"30780","30780","Little Rock-North Little Rock-Conway, AR","Little Rock-North Little Rock-Conway, AR Metro Area",M1,4.63409955927602
"30820","30820","Lock Haven, PA","Lock Haven, PA Micro Area",M2,3.913119984
"30860","30860","Logan, UT-ID","Logan, UT-ID Metro Area",M1,4.54691587009345
"30900","30900","Logansport, IN","Logansport, IN Micro Area",M2,4.10301369315069
"30940","30940","London, KY","London, KY Micro Area",M2,4.27905894809689
"30980","30980","Longview, TX","Longview, TX Metro Area",M1,4.81907972460137
"31020","31020","Longview, WA","Longview, WA Metro Area",M1,3.35178085068493
"31060","31060","Los Alamos, NM","Los Alamos, NM Micro Area",M2,5.314800025
"31080","31080","Los Angeles-Long Beach-Anaheim, CA","Los Angeles-Long Beach-Anaheim, CA Metro Area",M1,5.53124586681372
"31140","31140","Louisville/Jefferson County, KY-IN","Louisville/Jefferson County, KY-IN Metro Area",M1,4.28241768956043
"31180","31180","Lubbock, TX","Lubbock, TX Metro Area",M1,5.50841964825177
"31220","31220","Ludington, MI","Ludington, MI Micro Area",M2,3.90032139464286
"31260","31260","Lufkin, TX","Lufkin, TX Micro Area",M2,4.82508270451128
"31300","31300","Lumberton, NC","Lumberton, NC Micro Area",M2,4.71719194768212
"31340","31340","Lynchburg, VA","Lynchburg, VA Metro Area",M1,4.44788658526914
"31380","31380","Macomb, IL","Macomb, IL Micro Area",M2,4.2353333361111
"31420","31420","Macon-Bibb County, GA","Macon-Bibb County, GA Metro Area",M1,4.82373431512914
"31460","31460","Madera, CA","Madera, CA Metro Area",M1,5.34818176960224
"31500","31500","Madison, IN","Madison, IN Micro Area",M2,4.23620341016949
"31540","31540","Madison, WI","Madison, WI Metro Area",M1,4.02770145505804
"31580","31580","Madisonville, KY","Madisonville, KY Micro Area",M2,4.39599979333333
"31620","31620","Magnolia, AR","Magnolia, AR Micro Area",M2,4.74103433275862
"31660","31660","Malone, NY","Malone, NY Micro Area",M2,3.70792212337663
"31680","31680","Malvern, AR","Malvern, AR Micro Area",M2,4.62130702574258
"31700","31700","Manchester-Nashua, NH","Manchester-Nashua, NH Metro Area",M1,3.98000010384616
"31740","31740","Manhattan, KS","Manhattan, KS Metro Area",M1,4.5135635267101
"31820","31820","Manitowoc, WI","Manitowoc, WI Micro Area",M2,3.93214457510041
"31860","31860","Mankato, MN","Mankato, MN Metro Area",M1,3.98146847763713
"31900","31900","Mansfield, OH","Mansfield, OH Metro Area",M1,4.00213340888889
"31930","31930","Marietta, OH","Marietta, OH Micro Area",M2,4.07978371351351
"31940","31940","Marinette, WI-MI","Marinette, WI-MI Micro Area",M2,3.8777142471243
"31980","31980","Marion, IN","Marion, IN Micro Area",M2,4.10524674545454
"32000","32000","Marion, NC","Marion, NC Micro Area",M2,4.52834786956522
"32020","32020","Marion, OH","Marion, OH Micro Area",M2,4.05172595890411
"32100","32100","Marquette, MI","Marquette, MI Micro Area",M2,3.76158781374048
"32140","32140","Marshall, MN","Marshall, MN Micro Area",M2,4.03599993636363
"32180","32180","Marshall, MO","Marshall, MO Micro Area",M2,4.36476192619048
"32260","32260","Marshalltown, IA","Marshalltown, IA Micro Area",M2,4.13090909090908
"32280","32280","Martin, TN","Martin, TN Micro Area",M2,4.49963634545455
"32300","32300","Martinsville, VA","Martinsville, VA Micro Area",M2,4.48683864193548
"32340","32340","Maryville, MO","Maryville, MO Micro Area",M2,4.33132089622641
"32380","32380","Mason City, IA","Mason City, IA Micro Area",M2,4.04683628606061
"32420","32420","Mayagüez, PR","Mayagüez, PR Metro Area",M1,5.51720927674418
"32460","32460","Mayfield, KY","Mayfield, KY Micro Area",M2,4.48090899204545
"32500","32500","Maysville, KY","Maysville, KY Micro Area",M2,4.2204
"32540","32540","McAlester, OK","McAlester, OK Micro Area",M2,4.68924763348623
"32580","32580","McAllen-Edinburg-Mission, TX","McAllen-Edinburg-Mission, TX Metro Area",M1,5.32408805594713
"32620","32620","McComb, MS","McComb, MS Micro Area",M2,4.8509090909091
"32660","32660","McMinnville, TN","McMinnville, TN Micro Area",M2,4.47035286617647
"32700","32700","McPherson, KS","McPherson, KS Micro Area",M2,4.68685707642857
"32740","32740","Meadville, PA","Meadville, PA Micro Area",M2,3.83612898709677
"32780","32780","Medford, OR","Medford, OR Metro Area",M1,4.50230674252428
"32820","32820","Memphis, TN-MS-AR","Memphis, TN-MS-AR Metro Area",M1,4.63764706403743
"32860","32860","Menomonie, WI","Menomonie, WI Micro Area",M2,3.91523076923077
"32900","32900","Merced, CA","Merced, CA Metro Area",M1,5.34927604263803
"32940","32940","Meridian, MS","Meridian, MS Micro Area",M2,4.80899999821428
"33020","33020","Mexico, MO","Mexico, MO Micro Area",M2,4.34725441525424
"33060","33060","Miami, OK","Miami, OK Micro Area",M2,4.57214821851852
"33100","33100","Miami-Fort Lauderdale-Pompano Beach, FL","Miami-Fort Lauderdale-Pompano Beach, FL Metro Area",M1,5.1942432613739
"33140","33140","Michigan City-La Porte, IN","Michigan City-La Porte, IN Metro Area",M1,4.04295137864078
"33180","33180","Middlesborough, KY","Middlesborough, KY Micro Area",M2,4.27737949655172
"33220","33220","Midland, MI","Midland, MI Metro Area",M1,3.94448486666666
"33260","33260","Midland, TX","Midland, TX Metro Area",M1,5.63701113516484
"33300","33300","Milledgeville, GA","Milledgeville, GA Micro Area",M2,4.80820512820513
"33340","33340","Milwaukee-Waukesha, WI","Milwaukee-Waukesha, WI Metro Area",M1,4.0057647133987
"33380","33380","Minden, LA","Minden, LA Micro Area",M2,4.77524210526316
"33420","33420","Mineral Wells, TX","Mineral Wells, TX Micro Area",M2,5.05638620689655
"33460","33460","Minneapolis-St. Paul-Bloomington, MN-WI","Minneapolis-St. Paul-Bloomington, MN-WI Metro Area",M1,3.92584748719424
"33500","33500","Minot, ND","Minot, ND Micro Area",M2,3.8100493218107
"33540","33540","Missoula, MT","Missoula, MT Metro Area",M1,3.8256389229209
"33580","33580","Mitchell, SD","Mitchell, SD Micro Area",M2,4.20247741935484
"33620","33620","Moberly, MO","Moberly, MO Micro Area",M2,4.32607603670886
"33660","33660","Mobile, AL","Mobile, AL Metro Area",M1,4.89978948229665
"33700","33700","Modesto, CA","Modesto, CA Metro Area",M1,5.29850604056225
"33740","33740","Monroe, LA","Monroe, LA Metro Area",M1,4.80099999666666
"33780","33780","Monroe, MI","Monroe, MI Metro Area",M1,3.99889656551724
"33860","33860","Montgomery, AL","Montgomery, AL Metro Area",M1,4.84674829863946
"33940","33940","Montrose, CO","Montrose, CO Micro Area",M2,4.97615385662394
"33980","33980","Morehead City, NC","Morehead City, NC Micro Area",M2,4.61136449579438
"34020","34020","Morgan City, LA","Morgan City, LA Micro Area",M2,4.95800004642856
"34060","34060","Morgantown, WV","Morgantown, WV Metro Area",M1,3.98635589079754
"34100","34100","Morristown, TN","Morristown, TN Metro Area",M1,4.4916641427481
"34140","34140","Moscow, ID","Moscow, ID Micro Area",M2,3.84317645686275
"34180","34180","Moses Lake, WA","Moses Lake, WA Micro Area",M2,4.17413678650647
"34220","34220","Moultrie, GA","Moultrie, GA Micro Area",M2,5.00898876404495
"34260","34260","Mountain Home, AR","Mountain Home, AR Micro Area",M2,4.54734075824176
"34300","34300","Mountain Home, ID","Mountain Home, ID Micro Area",M2,4.58885196931409
"34340","34340","Mount Airy, NC","Mount Airy, NC Micro Area",M2,4.47572089534884
"34350","34350","Mount Gay-Shamrock, WV","Mount Gay-Shamrock, WV Micro Area",M2,4.16353246753246
"34380","34380","Mount Pleasant, MI","Mount Pleasant, MI Micro Area",M2,3.92355555555555
"34420","34420","Mount Pleasant, TX","Mount Pleasant, TX Micro Area",M2,4.79904000000001
"34460","34460","Mount Sterling, KY","Mount Sterling, KY Micro Area",M2,4.23806902241379
"34500","34500","Mount Vernon, IL","Mount Vernon, IL Micro Area",M2,4.36015847524752
"34540","34540","Mount Vernon, OH","Mount Vernon, OH Micro Area",M2,4.04017576483516
"34580","34580","Mount Vernon-Anacortes, WA","Mount Vernon-Anacortes, WA Metro Area",M1,3.25602251971831
"34620","34620","Muncie, IN","Muncie, IN Metro Area",M1,4.131
"34660","34660","Murray, KY","Murray, KY Micro Area",M2,4.46057128571428
"34700","34700","Muscatine, IA","Muscatine, IA Micro Area",M2,4.14782608695652
"34740","34740","Muskegon, MI","Muskegon, MI Metro Area",M1,3.95768894370371
"34780","34780","Muskogee, OK","Muskogee, OK Micro Area",M2,4.65143656478873
"34820","34820","Myrtle Beach-Conway-North Myrtle Beach, SC-NC","Myrtle Beach-Conway-North Myrtle Beach, SC-NC Metro Area",M1,4.72886179392265
"34860","34860","Nacogdoches, TX","Nacogdoches, TX Micro Area",M2,4.8292602739726
"34900","34900","Napa, CA","Napa, CA Metro Area",M1,5.10443077846154
"34940","34940","Naples-Marco Island, FL","Naples-Marco Island, FL Metro Area",M1,5.24832738900256
"34980","34980","Nashville-Davidson--Murfreesboro--Franklin, TN","Nashville-Davidson--Murfreesboro--Franklin, TN Metro Area",M1,4.44547678772873
"35020","35020","Natchez, MS-LA","Natchez, MS-LA Micro Area",M2,4.90593551505375
"35060","35060","Natchitoches, LA","Natchitoches, LA Micro Area",M2,4.81359605763545
"35100","35100","New Bern, NC","New Bern, NC Metro Area",M1,4.58284939931505
"35140","35140","Newberry, SC","Newberry, SC Micro Area",M2,4.723294
"35220","35220","New Castle, IN","New Castle, IN Micro Area",M2,4.16342857142857
"35260","35260","New Castle, PA","New Castle, PA Micro Area",M2,3.91714285714286
"35300","35300","New Haven-Milford, CT","New Haven-Milford, CT Metro Area",M1,4.07581205503356
"35380","35380","New Orleans-Metairie, LA","New Orleans-Metairie, LA Metro Area",M1,5.00103792518957
"35420","35420","New Philadelphia-Dover, OH","New Philadelphia-Dover, OH Micro Area",M2,4.00057737113402
"35440","35440","Newport, OR","Newport, OR Micro Area",M2,3.59334546000001
"35460","35460","Newport, TN","Newport, TN Micro Area",M2,4.43019714507042
"35580","35580","New Ulm, MN","New Ulm, MN Micro Area",M2,3.9987369245614
"35620","35620","New York-Newark-Jersey City, NY-NJ-PA","New York-Newark-Jersey City, NY-NJ-PA Metro Area",M1,4.12181566539185
"35660","35660","Niles, MI","Niles, MI Metro Area",M1,4.0143296879121
"35700","35700","Nogales, AZ","Nogales, AZ Micro Area",M2,5.81363920983606
"35740","35740","Norfolk, NE","Norfolk, NE Micro Area",M2,4.30475799684211
"35820","35820","North Platte, NE","North Platte, NE Micro Area",M2,4.64584745136691
"35840","35840","North Port-Sarasota-Bradenton, FL","North Port-Sarasota-Bradenton, FL Metro Area",M1,5.30132407526133
"35860","35860","North Vernon, IN","North Vernon, IN Micro Area",M2,4.21890909090909
"35900","35900","North Wilkesboro, NC","North Wilkesboro, NC Micro Area",M2,4.47252891570248
"35940","35940","Norwalk, OH","Norwalk, OH Micro Area",M2,3.98933341975309
"35980","35980","Norwich-New London, CT","Norwich-New London, CT Metro Area",M1,4.09545453939394
"36020","36020","Oak Harbor, WA","Oak Harbor, WA Micro Area",M2,3.32691263009709
"36100","36100","Ocala, FL","Ocala, FL Metro Area",M1,5.03203163794466
"36140","36140","Ocean City, NJ","Ocean City, NJ Metro Area",M1,4.31030773557692
"36220","36220","Odessa, TX","Odessa, TX Metro Area",M1,5.72289221538461
"36260","36260","Ogden-Clearfield, UT","Ogden-Clearfield, UT Metro Area",M1,4.69323586119602
"36300","36300","Ogdensburg-Massena, NY","Ogdensburg-Massena, NY Micro Area",M2,3.74274421395349
"36340","36340","Oil City, PA","Oil City, PA Micro Area",M2,3.86010249059828
"36380","36380","Okeechobee, FL","Okeechobee, FL Micro Area",M2,5.17841862403101
"36420","36420","Oklahoma City, OK","Oklahoma City, OK Metro Area",M1,4.87321521357885
"36460","36460","Olean, NY","Olean, NY Micro Area",M2,3.80186432881356
"36500","36500","Olympia-Lacey-Tumwater, WA","Olympia-Lacey-Tumwater, WA Metro Area",M1,3.34909094220779
"36540","36540","Omaha-Council Bluffs, NE-IA","Omaha-Council Bluffs, NE-IA Metro Area",M1,4.29612478441558
"36580","36580","Oneonta, NY","Oneonta, NY Micro Area",M2,3.82289497348066
"36620","36620","Ontario, OR-ID","Ontario, OR-ID Micro Area",M2,4.57344001021619
"36660","36660","Opelousas, LA","Opelousas, LA Micro Area",M2,4.9016978589928
"36700","36700","Orangeburg, SC","Orangeburg, SC Micro Area",M2,4.81006896551723
"36740","36740","Orlando-Kissimmee-Sanford, FL","Orlando-Kissimmee-Sanford, FL Metro Area",M1,5.10585859528621
"36780","36780","Oshkosh-Neenah, WI","Oshkosh-Neenah, WI Metro Area",M1,3.93575005
"36820","36820","Oskaloosa, IA","Oskaloosa, IA Micro Area",M2,4.17333333333332
"36830","36830","Othello, WA","Othello, WA Micro Area",M2,4.16354098142077
"36837","36837","Ottawa, IL","Ottawa, IL Micro Area",M2,4.13186279577837
"36840","36840","Ottawa, KS","Ottawa, KS Micro Area",M2,4.483919892
"36900","36900","Ottumwa, IA","Ottumwa, IA Micro Area",M2,4.17966666666666
"36940","36940","Owatonna, MN","Owatonna, MN Micro Area",M2,3.98103717283951
"36980","36980","Owensboro, KY","Owensboro, KY Metro Area",M1,4.36564710000001
"37060","37060","Oxford, MS","Oxford, MS Micro Area",M2,4.66210899
"37100","37100","Oxnard-Thousand Oaks-Ventura, CA","Oxnard-Thousand Oaks-Ventura, CA Metro Area",M1,5.53453520394367
"37120","37120","Ozark, AL","Ozark, AL Micro Area",M2,4.94078354845361
"37140","37140","Paducah, KY-IL","Paducah, KY-IL Micro Area",M2,4.44704335108697
"37220","37220","Pahrump, NV","Pahrump, NV Micro Area",M2,5.4578926900928
"37260","37260","Palatka, FL","Palatka, FL Micro Area",M2,4.98029755041323
"37300","37300","Palestine, TX","Palestine, TX Micro Area",M2,4.86380838323352
"37340","37340","Palm Bay-Melbourne-Titusville, FL","Palm Bay-Melbourne-Titusville, FL Metro Area",M1,5.1651502360515
"37420","37420","Pampa, TX","Pampa, TX Micro Area",M2,5.24509094882155
"37460","37460","Panama City, FL","Panama City, FL Metro Area",M1,5.05707908930232
"37500","37500","Paragould, AR","Paragould, AR Micro Area",M2,4.60848494848485
"37540","37540","Paris, TN","Paris, TN Micro Area",M2,4.47951508787879
"37580","37580","Paris, TX","Paris, TX Micro Area",M2,4.78127658510638
"37620","37620","Parkersburg-Vienna, WV","Parkersburg-Vienna, WV Metro Area",M1,4.09782177029703
"37660","37660","Parsons, KS","Parsons, KS Micro Area",M2,4.5805091509091
"37740","37740","Payson, AZ","Payson, AZ Micro Area",M2,5.62932276015938
"37770","37770","Pearsall, TX","Pearsall, TX Micro Area",M2,5.16946669777777
"37780","37780","Pecos, TX","Pecos, TX Micro Area",M2,5.79149092107358
"37800","37800","Pella, IA","Pella, IA Micro Area",M2,4.17599999999999
"37860","37860","Pensacola-Ferry Pass-Brent, FL","Pensacola-Ferry Pass-Brent, FL Metro Area",M1,4.9503909490085
"37900","37900","Peoria, IL","Peoria, IL Metro Area",M1,4.2016649781726
"37940","37940","Peru, IN","Peru, IN Micro Area",M2,4.09613113442623
"37980","37980","Philadelphia-Camden-Wilmington, PA-NJ-DE-MD","Philadelphia-Camden-Wilmington, PA-NJ-DE-MD Metro Area",M1,4.18484365066668
"38060","38060","Phoenix-Mesa-Chandler, AZ","Phoenix-Mesa-Chandler, AZ Metro Area",M1,5.81501752667839
"38100","38100","Picayune, MS","Picayune, MS Micro Area",M2,4.87160655737705
"38180","38180","Pierre, SD","Pierre, SD Micro Area",M2,4.24478527898384
"38220","38220","Pine Bluff, AR","Pine Bluff, AR Metro Area",M1,4.71751378430768
"38240","38240","Pinehurst-Southern Pines, NC","Pinehurst-Southern Pines, NC Micro Area",M2,4.62385722857143
"38260","38260","Pittsburg, KS","Pittsburg, KS Micro Area",M2,4.53800015625
"38300","38300","Pittsburgh, PA","Pittsburgh, PA Metro Area",M1,3.95181996720257
"38340","38340","Pittsfield, MA","Pittsfield, MA Metro Area",M1,3.92781177058823
"38380","38380","Plainview, TX","Plainview, TX Micro Area",M2,5.48569242884614
"38420","38420","Platteville, WI","Platteville, WI Micro Area",M2,4.04359016878049
"38460","38460","Plattsburgh, NY","Plattsburgh, NY Micro Area",M2,3.755760015
"38500","38500","Plymouth, IN","Plymouth, IN Micro Area",M2,4.0609869064935
"38540","38540","Pocatello, ID","Pocatello, ID Metro Area",M1,4.46676331982942
"38580","38580","Point Pleasant, WV-OH","Point Pleasant, WV-OH Micro Area",M2,4.15689473684211
"38620","38620","Ponca City, OK","Ponca City, OK Micro Area",M2,4.76965159935483
"38660","38660","Ponce, PR","Ponce, PR Metro Area",M1,5.34666664814815
"38700","38700","Pontiac, IL","Pontiac, IL Micro Area",M2,4.17036871508381
"38740","38740","Poplar Bluff, MO","Poplar Bluff, MO Micro Area",M2,4.54000009714284
"38780","38780","Portales, NM","Portales, NM Micro Area",M2,5.63436754438776
"38820","38820","Port Angeles, WA","Port Angeles, WA Micro Area",M2,3.29054545416666
"38860","38860","Portland-South Portland, ME","Portland-South Portland, ME Metro Area",M1,3.94998833918131
"38900","38900","Portland-Vancouver-Hillsboro, OR-WA","Portland-Vancouver-Hillsboro, OR-WA Metro Area",M1,3.60118703338484
"38920","38920","Port Lavaca, TX","Port Lavaca, TX Micro Area",M2,5.04935065194805
"38940","38940","Port St. Lucie, FL","Port St. Lucie, FL Metro Area",M1,5.15290143380281
"39020","39020","Portsmouth, OH","Portsmouth, OH Micro Area",M2,4.17577358490565
"39060","39060","Pottsville, PA","Pottsville, PA Micro Area",M2,4.01188237647058
"39100","39100","Poughkeepsie-Newburgh-Middletown, NY","Poughkeepsie-Newburgh-Middletown, NY Metro Area",M1,4.04420331322034
"39150","39150","Prescott Valley-Prescott, AZ","Prescott Valley-Prescott, AZ Metro Area",M1,5.62611604555294
"39220","39220","Price, UT","Price, UT Micro Area",M2,4.95809525992063
"39260","39260","Prineville, OR","Prineville, OR Micro Area",M2,4.43735776183487
"39300","39300","Providence-Warwick, RI-MA","Providence-Warwick, RI-MA Metro Area",M1,4.07254957150128
"39340","39340","Provo-Orem, UT","Provo-Orem, UT Metro Area",M1,4.91997457213984
"39380","39380","Pueblo, CO","Pueblo, CO Metro Area",M1,5.21158213258708
"39420","39420","Pullman, WA","Pullman, WA Micro Area",M2,4.01668573809525
"39460","39460","Punta Gorda, FL","Punta Gorda, FL Metro Area",M1,5.29761156690646
"39500","39500","Quincy, IL-MO","Quincy, IL-MO Micro Area",M2,4.27311406455697
"39540","39540","Racine, WI","Racine, WI Metro Area",M1,4.02904612153846
"39580","39580","Raleigh-Cary, NC","Raleigh-Cary, NC Metro Area",M1,4.60758382543351
"39660","39660","Rapid City, SD","Rapid City, SD Metro Area",M1,4.3585570647215
"39700","39700","Raymondville, TX","Raymondville, TX Micro Area",M2,5.25992730818181
"39740","39740","Reading, PA","Reading, PA Metro Area",M1,4.0851543114094
"39780","39780","Red Bluff, CA","Red Bluff, CA Micro Area",M2,4.97568934873787
"39820","39820","Redding, CA","Redding, CA Metro Area",M1,4.87135618196722
"39860","39860","Red Wing, MN","Red Wing, MN Micro Area",M2,3.9426382964539
"39900","39900","Reno, NV","Reno, NV Metro Area",M1,5.06334807088289
"39940","39940","Rexburg, ID","Rexburg, ID Micro Area",M2,4.17701411079813
"39980","39980","Richmond, IN","Richmond, IN Micro Area",M2,4.16266666666666
"40060","40060","Richmond, VA","Richmond, VA Metro Area",M1,4.44169554782606
"40080","40080","Richmond-Berea, KY","Richmond-Berea, KY Micro Area",M2,4.25005134358974
"40100","40100","Rio Grande City-Roma, TX","Rio Grande City-Roma, TX Micro Area",M2,5.39178264891303
"40140","40140","Riverside-San Bernardino-Ontario, CA","Riverside-San Bernardino-Ontario, CA Metro Area",M1,5.86215859110145
"40180","40180","Riverton, WY","Riverton, WY Micro Area",M2,4.6282189312652
"40220","40220","Roanoke, VA","Roanoke, VA Metro Area",M1,4.37756911929262
"40260","40260","Roanoke Rapids, NC","Roanoke Rapids, NC Micro Area",M2,4.55127284497606
"40300","40300","Rochelle, IL","Rochelle, IL Micro Area",M2,4.08446509302325
"40340","40340","Rochester, MN","Rochester, MN Metro Area",M1,3.96532157206212
"40380","40380","Rochester, NY","Rochester, NY Metro Area",M1,3.87100744620322
"40420","40420","Rockford, IL","Rockford, IL Metro Area",M1,4.06514274421769
"40460","40460","Rockingham, NC","Rockingham, NC Micro Area",M2,4.65692292692308
"40530","40530","Rockport, TX","Rockport, TX Micro Area",M2,5.0949873443038
"40540","40540","Rock Springs, WY","Rock Springs, WY Micro Area",M2,4.75071284382449
"40580","40580","Rocky Mount, NC","Rocky Mount, NC Metro Area",M1,4.59388246235293
"40620","40620","Rolla, MO","Rolla, MO Micro Area",M2,4.43842618770492
"40660","40660","Rome, GA","Rome, GA Metro Area",M1,4.61802537721519
"40700","40700","Roseburg, OR","Roseburg, OR Micro Area",M2,4.07647826652174
"40740","40740","Roswell, NM","Roswell, NM Micro Area",M2,5.70505062213025
"40760","40760","Ruidoso, NM","Ruidoso, NM Micro Area",M2,5.58089415294121
"40780","40780","Russellville, AR","Russellville, AR Micro Area",M2,4.58300009374999
"40820","40820","Ruston, LA","Ruston, LA Micro Area",M2,4.77462857142858
"40860","40860","Rutland, VT","Rutland, VT Micro Area",M2,3.81117069634146
"40900","40900","Sacramento-Roseville-Folsom, CA","Sacramento-Roseville-Folsom, CA Metro Area",M1,5.16960544784582
"40940","40940","Safford, AZ","Safford, AZ Micro Area",M2,5.75764305546336
"40980","40980","Saginaw, MI","Saginaw, MI Metro Area",M1,3.94259155492957
"41060","41060","St. Cloud, MN","St. Cloud, MN Metro Area",M1,3.91946974005764
"41100","41100","St. George, UT","St. George, UT Metro Area",M1,5.41057938463477
"41140","41140","St. Joseph, MO-KS","St. Joseph, MO-KS Metro Area",M1,4.35074167078651
"41180","41180","St. Louis, MO-IL","St. Louis, MO-IL Metro Area",M1,4.36086536335548
"41220","41220","St. Marys, GA","St. Marys, GA Micro Area",M2,4.9396721557377
"41260","41260","St. Marys, PA","St. Marys, PA Micro Area",M2,3.84354357181207
"41400","41400","Salem, OH","Salem, OH Micro Area",M2,3.9652500625
"41420","41420","Salem, OR","Salem, OR Metro Area",M1,3.75771430571429
"41460","41460","Salina, KS","Salina, KS Micro Area",M2,4.63866665833333
"41500","41500","Salinas, CA","Salinas, CA Metro Area",M1,5.30801302353899
"41540","41540","Salisbury, MD-DE","Salisbury, MD-DE Metro Area",M1,4.36819671639345
"41620","41620","Salt Lake City, UT","Salt Lake City, UT Metro Area",M1,4.90248506678806
"41660","41660","San Angelo, TX","San Angelo, TX Metro Area",M1,5.42616611335744
"41700","41700","San Antonio-New Braunfels, TX","San Antonio-New Braunfels, TX Metro Area",M1,5.06008695760872
"41740","41740","San Diego-Chula Vista-Carlsbad, CA","San Diego-Chula Vista-Carlsbad, CA Metro Area",M1,5.66532766709221
"41760","41760","Sandpoint, ID","Sandpoint, ID Micro Area",M2,3.5889920088
"41780","41780","Sandusky, OH","Sandusky, OH Micro Area",M2,4.00022228518518
"41820","41820","Sanford, NC","Sanford, NC Micro Area",M2,4.62163647954546
"41860","41860","San Francisco-Oakland-Berkeley, CA","San Francisco-Oakland-Berkeley, CA Metro Area",M1,4.9393646397112
"41900","41900","San Germán, PR","San Germán, PR Metro Area",M1,5.446559952
"41940","41940","San Jose-Sunnyvale-Santa Clara, CA","San Jose-Sunnyvale-Santa Clara, CA Metro Area",M1,5.36240369793579
"41980","41980","San Juan-Bayamón-Caguas, PR","San Juan-Bayamón-Caguas, PR Metro Area",M1,5.41767032344322
"42020","42020","San Luis Obispo-Paso Robles, CA","San Luis Obispo-Paso Robles, CA Metro Area",M1,5.50962503854169
"42100","42100","Santa Cruz-Watsonville, CA","Santa Cruz-Watsonville, CA Metro Area",M1,4.96319998761905
"42140","42140","Santa Fe, NM","Santa Fe, NM Metro Area",M1,5.48723686118422
"42180","42180","Santa Isabel, PR","Santa Isabel, PR Micro Area",M2,5.71000003333333
"42220","42220","Santa Rosa-Petaluma, CA","Santa Rosa-Petaluma, CA Metro Area",M1,4.9466122622449
"42300","42300","Sault Ste. Marie, MI","Sault Ste. Marie, MI Micro Area",M2,3.7537674383721
"42340","42340","Savannah, GA","Savannah, GA Metro Area",M1,4.87120001083332
"42380","42380","Sayre, PA","Sayre, PA Micro Area",M2,3.89801002311558
"42420","42420","Scottsbluff, NE","Scottsbluff, NE Micro Area",M2,4.64161558583061
"42460","42460","Scottsboro, AL","Scottsboro, AL Micro Area",M2,4.56209843934425
"42500","42500","Scottsburg, IN","Scottsburg, IN Micro Area",M2,4.24525719428572
"42540","42540","Scranton--Wilkes-Barre, PA","Scranton--Wilkes-Barre, PA Metro Area",M1,3.93756353420197
"42620","42620","Searcy, AR","Searcy, AR Micro Area",M2,4.61649697826086
"42660","42660","Seattle-Tacoma-Bellevue, WA","Seattle-Tacoma-Bellevue, WA Metro Area",M1,3.28184815469386
"42680","42680","Sebastian-Vero Beach, FL","Sebastian-Vero Beach, FL Metro Area",M1,5.16618558144331
"42700","42700","Sebring-Avon Park, FL","Sebring-Avon Park, FL Metro Area",M1,5.21437982784809
"42740","42740","Sedalia, MO","Sedalia, MO Micro Area",M2,4.39548697179487
"42780","42780","Selinsgrove, PA","Selinsgrove, PA Micro Area",M2,3.99579668135593
"42820","42820","Selma, AL","Selma, AL Micro Area",M2,4.85174025974025
"42860","42860","Seneca, SC","Seneca, SC Micro Area",M2,4.69311104166667
"42900","42900","Seneca Falls, NY","Seneca Falls, NY Micro Area",M2,3.82217140571429
"42940","42940","Sevierville, TN","Sevierville, TN Micro Area",M2,4.40574999375
"42200","42200","Santa Maria-Santa Barbara, CA","Santa Maria-Santa Barbara, CA Metro Area",M1,5.4133915954622
"42980","42980","Seymour, IN","Seymour, IN Micro Area",M2,4.24711117037037
"43020","43020","Shawano, WI","Shawano, WI Micro Area",M2,3.9397224489796
"43060","43060","Shawnee, OK","Shawnee, OK Micro Area",M2,4.81521126760563
"43100","43100","Sheboygan, WI","Sheboygan, WI Metro Area",M1,3.96648111898735
"43140","43140","Shelby, NC","Shelby, NC Micro Area",M2,4.66586291095891
"43180","43180","Shelbyville, TN","Shelbyville, TN Micro Area",M2,4.502080024
"43220","43220","Shelton, WA","Shelton, WA Micro Area",M2,3.36847765074627
"43260","43260","Sheridan, WY","Sheridan, WY Micro Area",M2,4.20623180450644
"43300","43300","Sherman-Denison, TX","Sherman-Denison, TX Metro Area",M1,4.88135848867924
"43320","43320","Show Low, AZ","Show Low, AZ Micro Area",M2,5.57478141486488
"43340","43340","Shreveport-Bossier City, LA","Shreveport-Bossier City, LA Metro Area",M1,4.80325995245901
"43380","43380","Sidney, OH","Sidney, OH Micro Area",M2,4.10434285714286
"43420","43420","Sierra Vista-Douglas, AZ","Sierra Vista-Douglas, AZ Metro Area",M1,5.85852886733404
"43460","43460","Sikeston, MO","Sikeston, MO Micro Area",M2,4.49078257826087
"43500","43500","Silver City, NM","Silver City, NM Micro Area",M2,5.75180097280268
"43580","43580","Sioux City, IA-NE-SD","Sioux City, IA-NE-SD Metro Area",M1,4.20510345258622
"43620","43620","Sioux Falls, SD","Sioux Falls, SD Metro Area",M1,4.17040522875817
"43660","43660","Snyder, TX","Snyder, TX Micro Area",M2,5.43360005357142
"43700","43700","Somerset, KY","Somerset, KY Micro Area",M2,4.30768151946902
"43740","43740","Somerset, PA","Somerset, PA Micro Area",M2,3.97509679892473
"43760","43760","Sonora, CA","Sonora, CA Micro Area",M2,5.31404211368422
"43780","43780","South Bend-Mishawaka, IN-MI","South Bend-Mishawaka, IN-MI Metro Area",M1,4.00758144302326
"43900","43900","Spartanburg, SC","Spartanburg, SC Metro Area",M1,4.70748081984734
"43940","43940","Spearfish, SD","Spearfish, SD Micro Area",M2,4.36868082765958
"43980","43980","Spencer, IA","Spencer, IA Micro Area",M2,4.11288888888889
"44020","44020","Spirit Lake, IA","Spirit Lake, IA Micro Area",M2,4.08666665
"44060","44060","Spokane-Spokane Valley, WA","Spokane-Spokane Valley, WA Metro Area",M1,3.8006802388024
"44100","44100","Springfield, IL","Springfield, IL Metro Area",M1,4.27811336320756
"44140","44140","Springfield, MA","Springfield, MA Metro Area",M1,3.99719303040937
"44180","44180","Springfield, MO","Springfield, MO Metro Area",M1,4.50079678913482
"44220","44220","Springfield, OH","Springfield, OH Metro Area",M1,4.14342857142856
"44260","44260","Starkville, MS","Starkville, MS Micro Area",M2,4.73886117591241
"44300","44300","State College, PA","State College, PA Metro Area",M1,3.93650262408377
"44340","44340","Statesboro, GA","Statesboro, GA Micro Area",M2,4.88558490754717
"44420","44420","Staunton, VA","Staunton, VA Metro Area",M1,4.37058679221558
"44460","44460","Steamboat Springs, CO","Steamboat Springs, CO Micro Area",M2,4.57536948325123
"44500","44500","Stephenville, TX","Stephenville, TX Micro Area",M2,5.1157365269461
"44540","44540","Sterling, CO","Sterling, CO Micro Area",M2,4.80934176455695
"44580","44580","Sterling, IL","Sterling, IL Micro Area",M2,4.11501639344262
"44620","44620","Stevens Point, WI","Stevens Point, WI Micro Area",M2,3.95633336527778
"44660","44660","Stillwater, OK","Stillwater, OK Micro Area",M2,4.77851426571429
"44700","44700","Stockton, CA","Stockton, CA Metro Area",M1,5.22413451764705
"44740","44740","Storm Lake, IA","Storm Lake, IA Micro Area",M2,4.14066666666666
"44780","44780","Sturgis, MI","Sturgis, MI Micro Area",M2,4.00354644742268
"44860","44860","Sulphur Springs, TX","Sulphur Springs, TX Micro Area",M2,4.83348387096774
"44900","44900","Summerville, GA","Summerville, GA Micro Area",M2,4.58538470769231
"44940","44940","Sumter, SC","Sumter, SC Metro Area",M1,4.77423850733943
"44980","44980","Sunbury, PA","Sunbury, PA Micro Area",M2,3.99081487901234
"45000","45000","Susanville, CA","Susanville, CA Micro Area",M2,5.04076006589526
"45020","45020","Sweetwater, TX","Sweetwater, TX Micro Area",M2,5.3714685104895
"45060","45060","Syracuse, NY","Syracuse, NY Metro Area",M1,3.79724691781377
"45140","45140","Tahlequah, OK","Tahlequah, OK Micro Area",M2,4.60006464919355
"45180","45180","Talladega-Sylacauga, AL","Talladega-Sylacauga, AL Micro Area",M2,4.71692298717949
"45220","45220","Tallahassee, FL","Tallahassee, FL Metro Area",M1,4.97383181168224
"45300","45300","Tampa-St. Petersburg-Clearwater, FL","Tampa-St. Petersburg-Clearwater, FL Metro Area",M1,5.21750335100674
"45340","45340","Taos, NM","Taos, NM Micro Area",M2,5.26695797422969
"45380","45380","Taylorville, IL","Taylorville, IL Micro Area",M2,4.2893794137931
"45460","45460","Terre Haute, IN","Terre Haute, IN Metro Area",M1,4.2248224551402
"45500","45500","Texarkana, TX-AR","Texarkana, TX-AR Metro Area",M1,4.74274178724035
"45520","45520","The Dalles, OR","The Dalles, OR Micro Area",M2,4.32582152059497
"45540","45540","The Villages, FL","The Villages, FL Metro Area",M1,5.1029268292683
"45580","45580","Thomaston, GA","Thomaston, GA Micro Area",M2,4.794
"45620","45620","Thomasville, GA","Thomasville, GA Micro Area",M2,4.99024392682927
"45660","45660","Tiffin, OH","Tiffin, OH Micro Area",M2,4.01400001153846
"45700","45700","Tifton, GA","Tifton, GA Micro Area",M2,5.0154
"45740","45740","Toccoa, GA","Toccoa, GA Micro Area",M2,4.73142842142857
"45780","45780","Toledo, OH","Toledo, OH Metro Area",M1,4.02712687258884
"45820","45820","Topeka, KS","Topeka, KS Metro Area",M1,4.47299997554349
"45860","45860","Torrington, CT","Torrington, CT Micro Area",M2,4.03940734567901
"45900","45900","Traverse City, MI","Traverse City, MI Micro Area",M2,3.84523070186479
"45940","45940","Trenton-Princeton, NJ","Trenton-Princeton, NJ Metro Area",M1,4.15073684210526
"45980","45980","Troy, AL","Troy, AL Micro Area",M2,4.90342269484536
"46020","46020","Truckee-Grass Valley, CA","Truckee-Grass Valley, CA Micro Area",M2,5.09132075974842
"46060","46060","Tucson, AZ","Tucson, AZ Metro Area",M1,5.8856301579832
"46100","46100","Tullahoma-Manchester, TN","Tullahoma-Manchester, TN Micro Area",M2,4.510533385
"46140","46140","Tulsa, OK","Tulsa, OK Metro Area",M1,4.69353304236309
"46180","46180","Tupelo, MS","Tupelo, MS Micro Area",M2,4.66819161948881
"46220","46220","Tuscaloosa, AL","Tuscaloosa, AL Metro Area",M1,4.77086952663045
"46300","46300","Twin Falls, ID","Twin Falls, ID Metro Area",M1,4.60666068883929
"46340","46340","Tyler, TX","Tyler, TX Metro Area",M1,4.8492
"46380","46380","Ukiah, CA","Ukiah, CA Micro Area",M2,4.87156099070123
"46420","46420","Union, SC","Union, SC Micro Area",M2,4.70666655185186
"46460","46460","Union City, TN","Union City, TN Micro Area",M2,4.52374481170213
"46500","46500","Urbana, OH","Urbana, OH Micro Area",M2,4.12333333333333
"46520","46520","Urban Honolulu, HI","Urban Honolulu, HI Metro Area",M1,5.29901123988764
"46540","46540","Utica-Rome, NY","Utica-Rome, NY Metro Area",M1,3.75439838398359
"46620","46620","Uvalde, TX","Uvalde, TX Micro Area",M2,5.10578137651821
"46660","46660","Valdosta, GA","Valdosta, GA Metro Area",M1,4.98062155458167
"46700","46700","Vallejo, CA","Vallejo, CA Metro Area",M1,5.15984111523178
"46780","46780","Van Wert, OH","Van Wert, OH Micro Area",M2,4.08558903561644
"46820","46820","Vermillion, SD","Vermillion, SD Micro Area",M2,4.18257534246575
"46860","46860","Vernal, UT","Vernal, UT Micro Area",M2,4.92556977418514
"46900","46900","Vernon, TX","Vernon, TX Micro Area",M2,5.17063291645569
"46980","46980","Vicksburg, MS","Vicksburg, MS Micro Area",M2,4.86570873786409
"47020","47020","Victoria, TX","Victoria, TX Metro Area",M1,4.99492017110265
"47080","47080","Vidalia, GA","Vidalia, GA Micro Area",M2,4.90515465360825
"47180","47180","Vincennes, IN","Vincennes, IN Micro Area",M2,4.30254551931818
"47220","47220","Vineland-Bridgeton, NJ","Vineland-Bridgeton, NJ Metro Area",M1,4.27487188461538
"47240","47240","Vineyard Haven, MA","Vineyard Haven, MA Micro Area",M2,4.10920480240963
"47260","47260","Virginia Beach-Norfolk-Newport News, VA-NC","Virginia Beach-Norfolk-Newport News, VA-NC Metro Area",M1,4.48396509863014
"47300","47300","Visalia, CA","Visalia, CA Metro Area",M1,5.52980577616647
"47340","47340","Wabash, IN","Wabash, IN Micro Area",M2,4.08236616338028
"47380","47380","Waco, TX","Waco, TX Metro Area",M1,4.99216843438596
"47420","47420","Wahpeton, ND-MN","Wahpeton, ND-MN Micro Area",M2,3.87334980496277
"47460","47460","Walla Walla, WA","Walla Walla, WA Metro Area",M1,4.12751807188756
"47540","47540","Wapakoneta, OH","Wapakoneta, OH Micro Area",M2,4.08224996875
"47580","47580","Warner Robins, GA","Warner Robins, GA Metro Area",M1,4.87697561219513
"47620","47620","Warren, PA","Warren, PA Micro Area",M2,3.81227023108107
"47660","47660","Warrensburg, MO","Warrensburg, MO Micro Area",M2,4.41172592054795
"47700","47700","Warsaw, IN","Warsaw, IN Micro Area",M2,4.05404067959183
"47780","47780","Washington, IN","Washington, IN Micro Area",M2,4.28120560273973
"47820","47820","Washington, NC","Washington, NC Micro Area",M2,4.56569237307691
"47900","47900","Washington-Arlington-Alexandria, DC-VA-MD-WV","Washington-Arlington-Alexandria, DC-VA-MD-WV Metro Area",M1,4.28470717096498
"47920","47920","Washington Court House, OH","Washington Court House, OH Micro Area",M2,4.18011428571428
"47940","47940","Waterloo-Cedar Falls, IA","Waterloo-Cedar Falls, IA Metro Area",M1,4.07616723650192
"47980","47980","Watertown, SD","Watertown, SD Micro Area",M2,4.06602659644446
"48020","48020","Watertown-Fort Atkinson, WI","Watertown-Fort Atkinson, WI Micro Area",M2,4.01670588823529
"48060","48060","Watertown-Fort Drum, NY","Watertown-Fort Drum, NY Metro Area",M1,3.83369906430679
"48100","48100","Wauchula, FL","Wauchula, FL Micro Area",M2,5.22371440952381
"48140","48140","Wausau-Weston, WI","Wausau-Weston, WI Metro Area",M1,3.90242103289474
"48180","48180","Waycross, GA","Waycross, GA Micro Area",M2,4.92480004842104
"48220","48220","Weatherford, OK","Weatherford, OK Micro Area",M2,5.0397037037037
"48260","48260","Weirton-Steubenville, WV-OH","Weirton-Steubenville, WV-OH Metro Area",M1,3.98796127378641
"48300","48300","Wenatchee, WA","Wenatchee, WA Metro Area",M1,4.01629786478723
"48460","48460","West Plains, MO","West Plains, MO Micro Area",M2,4.53792013799999
"48500","48500","West Point, MS","West Point, MS Micro Area",M2,4.73188222058824
"48540","48540","Wheeling, WV-OH","Wheeling, WV-OH Metro Area",M1,4.01745455515152
"48580","48580","Whitewater, WI","Whitewater, WI Micro Area",M2,4.04345443863636
"48620","48620","Wichita, KS","Wichita, KS Metro Area",M1,4.7241723512931
"48660","48660","Wichita Falls, TX","Wichita Falls, TX Metro Area",M1,5.08727272727273
"48700","48700","Williamsport, PA","Williamsport, PA Metro Area",M1,3.9228699587444
"48780","48780","Williston, ND","Williston, ND Micro Area",M2,3.87143819854721
"48820","48820","Willmar, MN","Willmar, MN Micro Area",M2,3.94738461923077
"48900","48900","Wilmington, NC","Wilmington, NC Metro Area",M1,4.65124870203044
"48940","48940","Wilmington, OH","Wilmington, OH Micro Area",M2,4.18295652173912
"48980","48980","Wilson, NC","Wilson, NC Micro Area",M2,4.622800075
"49020","49020","Winchester, VA-WV","Winchester, VA-WV Metro Area",M1,4.1679999988889
"49060","49060","Winfield, KS","Winfield, KS Micro Area",M2,4.73037485
"49080","49080","Winnemucca, NV","Winnemucca, NV Micro Area",M2,4.9011926672792
"49100","49100","Winona, MN","Winona, MN Micro Area",M2,3.95904766190476
"49180","49180","Winston-Salem, NC","Winston-Salem, NC Metro Area",M1,4.57251229481706
"49220","49220","Wisconsin Rapids-Marshfield, WI","Wisconsin Rapids-Marshfield, WI Micro Area",M2,3.94352941568627
"14160","14160","Bluffton, IN","Bluffton, IN Micro Area",M2,4.09752380317461
